INSERT INTO coffee_types (coffee_type, size)
VALUES
    ('Espresso', 'S'),
    ('Espresso', 'M'),
    ('Espresso', 'L'),
    ('Americano', 'S'),
    ('Americano', 'M'),
    ('Americano', 'L'),
    ('Latte', 'S'),
    ('Latte', 'M'),
    ('Latte', 'L'),
    ('Cappuccino', 'S'),
    ('Cappuccino', 'M'),
    ('Cappuccino', 'L'),
    ('Macchiato', 'S'),
    ('Macchiato', 'M'),
    ('Macchiato', 'L'),
    ('Mocha', 'S'),
    ('Mocha', 'M'),
    ('Mocha', 'L'),
    ('Flat White', 'S'),
    ('Flat White', 'M'),
    ('Flat White', 'L'),
    ('Filterkaffee', 'S'),
    ('Filterkaffee', 'M'),
    ('Filterkaffee', 'L'),
    ('Frappé', 'S'),
    ('Frappé', 'M'),
    ('Frappé', 'L'),
    ('Affogato', 'S'),
    ('Affogato', 'M'),
    ('Affogato', 'L');

INSERT INTO coffee_shops (shop_id, name, country, city, street, owner_firstname, owner_lastname)
VALUES
    (1, 'Blue Bottle Coffee', 'USA', 'Oakland', '300 Webster St', 'James', 'Freeman'),
    (2, 'Starbucks', 'USA', 'Seattle', '2401 Utah Ave S', 'Howard', 'Schultz'),
    (3, 'Café de Flore', 'Frankreich', 'Paris', '172 Boulevard Saint-Germain', 'Fernand', 'Petiot'),
    (4, 'The Coffee Academics', 'Hongkong', 'Hongkong', '38 Yiu Wa St', 'Jennifer', 'Liu'),
    (5, 'Stumptown Coffee Roasters', 'USA', 'Portland', '128 SW 3rd Ave', 'Duane', 'Sorenson'),
    (6, 'Tim Wendelboe', 'Norwegen', 'Oslo', 'Grüners gate 1', 'Tim', 'Wendelboe'),
    (7, 'Intelligentsia Coffee', 'USA', 'Chicago', '53 W Jackson Blvd', 'Doug', 'Zell'),
    (8, 'Coffee Collective', 'Dänemark', 'Kopenhagen', 'Jægersborggade 57', 'Casper', 'Engel'),
    (9, 'Toby''s Estate', 'USA', 'Brooklyn', '125 N 6th St', 'Toby', 'Smith'),
    (10, 'Philz Coffee', 'USA', 'San Francisco', '748 Van Ness Ave', 'Phil', 'Jaber');

INSERT INTO shop_login (shop_id, shop_password)
VALUES
    (1, 'abc123'),
    (2, 'def456'),
    (3, 'ghi789'),
    (4, 'jkl012'),
    (5, 'mno345'),
    (6, 'pqr678'),
    (7, 'stu901'),
    (8, 'vwx234'),
    (9, 'yza567'),
    (10, 'bcd890');

INSERT INTO customers (customer_id, customer_firstname, customer_lastname)
VALUES
    (1, 'Jeff', 'Bezos'),
    (2, 'Elon', 'Musk'),
    (3, 'Bernard', 'Arnault'),
    (4, 'Bill', 'Gates'),
    (5, 'Mark', 'Zuckerberg'),
    (6, 'Françoise', 'Bettencourt Meyers'),
    (7, 'Alice', 'Walton'),
    (8, 'MacKenzie', 'Scott'),
    (9, 'Julia', 'Koch'),
    (10, 'Jacqueline', 'Mars');

INSERT INTO customer_login (customer_id, customer_password)
VALUES
    (1, '123456'),
    (2, 'password'),
    (3, '123456789'),
    (4, 'qwerty'),
    (5, '1234567'),
    (6, '12345678'),
    (7, '12345'),
    (8, 'admin'),
    (9, '123123'),
    (10, 'letmein');

INSERT INTO orders (order_id, shop_id, customer_id, order_date)
VALUES
    (1, 7, 2, '20220201'),
    (2, 4, 6, '20220202'),
    (3, 9, 3, '20220203'),
    (4, 3, 8, '20220204'),
    (5, 5, 9, '20220205'),
    (6, 8, 7, '20220206'),
    (7, 2, 10, '20220207'),
    (8, 1, 1, '20220208'),
    (9, 10, 4,  '20220209'),
    (10, 6, 5,  '20220210'),
    (11, 4, 1,  '20220211'),
    (12, 3, 6,  '20220212'),
    (13, 8, 3,  '20220213'),
    (14, 7, 8,  '20220214'),
    (15, 5, 9,  '20220215'),
    (16, 2, 7,  '20220216'),
    (17, 1, 10,  '20220217'),
    (18, 9, 2,  '20220218'),
    (19, 10, 5,  '20220219'),
    (20, 6, 4,  '20220220'),
    (21, 5, 2,  '20220221'),
    (22, 8, 7,  '20220222'),
    (23, 7, 1,  '20220223'),
    (24, 4, 6,  '20220224'),
    (25, 9, 8,  '20220225'),
    (26, 3, 10,  '20220226'),
    (27, 5, 3,  '20220227'),
    (28, 2, 9,  '20220228'),
    (29, 1, 4,  '20220301'),
    (30, 10, 5,  '20220302'),
    (31, 6, 1,  '20220303'),
    (32, 4, 3,  '20220304'),
    (33, 8, 7,  '20220305'),
    (34, 7, 8,  '20220306'),
    (35, 5, 10,  '20220307'),
    (36, 2, 2,  '20220308'),
    (37, 1, 6,  '20220309'),
    (38, 9, 4,  '20220310'),
    (39, 10, 9,  '20220311'),
    (40, 6, 7,  '20220312'),
    (41, 4, 8,  '20220313'),
    (42, 3, 1,  '20220314'),
    (43, 8, 3,  '20220315'),
    (44, 7, 10,  '20220316'),
    (45, 5, 2,  '20220317'),
    (46, 2, 5,  '20220318'),
    (47, 1, 6,  '20220319'),
    (48, 9, 4,  '20220320'),
    (49, 10, 7,  '20220321'),
    (50, 6, 9,  '20220322'),
    (51, 4, 10,  '20220323'),
    (52, 3, 2,  '20220324'),
    (53, 8, 1,  '20220325'),
    (54, 7, 5,  '20220326'),
    (55, 5, 8,  '20220327'),
    (56, 2, 6,  '20220328'),
    (57, 1, 3,  '20220329'),
    (58, 9, 7,  '20220330'),
    (59, 10, 4,  '20220331'),
    (60, 6, 9,  '20220401'),
    (61, 4, 7,  '20220402'),
    (62, 3, 5,  '20220403'),
    (63, 8, 2,  '20220404'),
    (64, 7, 6,  '20220405'),
    (65, 5, 1,  '20220406'),
    (66, 2, 10,  '20220407'),
    (67, 1, 4,  '20220408'),
    (68, 9, 8,  '20220409'),
    (69, 10, 3,  '20220410'),
    (70, 6, 5,  '20220411'),
    (71, 4, 2,  '20220412'),
    (72, 3, 7,  '20220413'),
    (73, 8, 1,  '20220414'),
    (74, 7, 9,  '20220415'),
    (75, 5, 6,  '20220416'),
    (76, 2, 4,  '20220417'),
    (77, 1, 10,  '20220418'),
    (78, 9, 3,  '20220419'),
    (79, 10, 7,  '20220420'),
    (80, 6, 1,  '20220421'),
    (81, 4, 6,  '20220422'),
    (82, 3, 8,  '20220423'),
    (83, 8, 2,  '20220424'),
    (84, 7, 10,  '20220425'),
    (85, 5, 5,  '20220426'),
    (86, 2, 9,  '20220427'),
    (87, 1, 3,  '20220428'),
    (88, 9, 7,  '20220429'),
    (89, 10, 4,  '20220430'),
    (90, 6, 9,  '20220501'),
    (91, 4, 7,  '20220502'),
    (92, 3, 5,  '20220503'),
    (93, 8, 2,  '20220504'),
    (94, 7, 6,  '20220505'),
    (95, 5, 1,  '20220506'),
    (96, 2, 10,  '20220507'),
    (97, 1, 4,  '20220508'),
    (98, 9, 8,  '20220509'),
    (99, 10, 3,  '20220510'),
    (100, 6, 5,  '20220511');

INSERT INTO orderitem (order_id, number, coffee_type, size)
VALUES
    (1, 3, 'Macchiato', 'L'),
    (31, 3, 'Macchiato', 'L'),
    (61, 3, 'Macchiato', 'L'),
    (91, 3, 'Macchiato', 'L'),
    (2, 2, 'Cappuccino', 'S'),
    (32, 2, 'Cappuccino', 'S'),
    (62, 2, 'Cappuccino', 'S'),
    (92, 2, 'Cappuccino', 'S'),
    (3, 5, 'Frappé', 'L'),
    (33, 5, 'Frappé', 'L'),
    (63, 5, 'Frappé', 'L'),
    (93, 5, 'Frappé', 'L'),
    (4, 4, 'Americano', 'S'),
    (34, 4, 'Americano', 'S'),
    (64, 4, 'Americano', 'S'),
    (94, 4, 'Americano', 'S'),
    (5, 1, 'Flat White', 'M'),
    (35, 1, 'Flat White', 'M'),
    (65, 1, 'Flat White', 'M'),
    (95, 1, 'Flat White', 'M'),
    (6, 3, 'Espresso', 'S'),
    (36, 3, 'Espresso', 'S'),
    (66, 3, 'Espresso', 'S'),
    (96, 3, 'Espresso', 'S'),
    (7, 2, 'Cappuccino', 'L'),
    (37, 2, 'Cappuccino', 'L'),
    (67, 2, 'Cappuccino', 'L'),
    (97, 2, 'Cappuccino', 'L'),
    (8, 5, 'Flat White', 'S'),
    (38, 5, 'Flat White', 'S'),
    (68, 5, 'Flat White', 'S'),
    (98, 5, 'Flat White', 'S'),
    (9, 4, 'Latte', 'S'),
    (39, 4, 'Latte', 'S'),
    (69, 4, 'Latte', 'S'),
    (99, 4, 'Latte', 'S'),
    (10, 1, 'Affogato', 'S'),
    (40, 1, 'Affogato', 'S'),
    (70, 1, 'Affogato', 'S'),
    (100, 1, 'Affogato', 'S'),
    (11, 3, 'Espresso', 'L'),
    (41, 3, 'Espresso', 'L'),
    (71, 3, 'Espresso', 'L'),
    (12, 2, 'Frappé', 'M'),
    (42, 2, 'Frappé', 'M'),
    (72, 2, 'Frappé', 'M'),
    (13, 5, 'Americano', 'L'),
    (43, 5, 'Americano', 'L'),
    (73, 5, 'Americano', 'L'),
    (14, 4, 'Filterkaffee', 'M'),
    (44, 4, 'Filterkaffee', 'M'),
    (74, 4, 'Filterkaffee', 'M'),
    (15, 1, 'Latte', 'L'),
    (45, 1, 'Latte', 'L'),
    (75, 1, 'Latte', 'L'),
    (16, 3, 'Affogato', 'M'),
    (46, 3, 'Affogato', 'M'),
    (76, 3, 'Affogato', 'M'),
    (17, 2, 'Mocha', 'S'),
    (47, 2, 'Mocha', 'S'),
    (77, 2, 'Mocha', 'S'),
    (18, 5, 'Espresso', 'M'),
    (48, 5, 'Espresso', 'M'),
    (78, 5, 'Espresso', 'M'),
    (19, 4, 'Frappé', 'S'),
    (49, 4, 'Frappé', 'S'),
    (79, 4, 'Frappé', 'S'),
    (20, 1, 'Latte', 'M'),
    (50, 1, 'Latte', 'M'),
    (80, 1, 'Latte', 'M'),
    (21, 3, 'Affogato', 'L'),
    (51, 3, 'Affogato', 'L'),
    (81, 3, 'Affogato', 'L'),
    (22, 2, 'Macchiato', 'S'),
    (52, 2, 'Macchiato', 'S'),
    (82, 2, 'Macchiato', 'S'),
    (23, 5, 'Flat White', 'L'),
    (53, 5, 'Flat White', 'L'),
    (83, 5, 'Flat White', 'L'),
    (24, 4, 'Americano', 'M'),
    (54, 4, 'Americano', 'M'),
    (84, 4, 'Americano', 'M'),
    (25, 1, 'Mocha', 'M'),
    (55, 1, 'Mocha', 'M'),
    (85, 1, 'Mocha', 'M'),
    (26, 3, 'Filterkaffee', 'L'),
    (56, 3, 'Filterkaffee', 'L'),
    (86, 3, 'Filterkaffee', 'L'),
    (27, 2, 'Cappuccino', 'M'),
    (57, 2, 'Cappuccino', 'M'),
    (87, 2, 'Cappuccino', 'M'),
    (28, 5, 'Mocha', 'L'),
    (58, 5, 'Mocha', 'L'),
    (88, 5, 'Mocha', 'L'),
    (29, 4, 'Filterkaffee', 'S'),
    (59, 4, 'Filterkaffee', 'S'),
    (89, 4, 'Filterkaffee', 'S'),
    (30, 1, 'Macchiato', 'M'),
    (60, 1, 'Macchiato', 'M'),
    (90, 1, 'Macchiato', 'M');

INSERT INTO ratings (customer_id, shop_id, score)
VALUES
    (1, 1, 4),
    (1, 2, 5),
    (1, 3, 3),
    (1, 4, 4),
    (1, 5, 5),
    (1, 6, 2),
    (1, 7, 4),
    (1, 8, 5),
    (1, 9, 3),
    (1, 10, 4),
    (2, 1, 5),
    (2, 2, 4),
    (2, 3, 5),
    (2, 4, 3),
    (2, 5, 4),
    (2, 6, 5),
    (2, 7, 2),
    (2, 8, 4),
    (2, 9, 5),
    (2, 10, 3),
    (3, 1, 4),
    (3, 2, 5),
    (3, 3, 3),
    (3, 4, 2),
    (3, 5, 5),
    (3, 6, 3),
    (3, 7, 4),
    (3, 8, 5),
    (3, 9, 3),
    (3, 10, 4),
    (4, 1, 5),
    (4, 2, 4),
    (4, 3, 5),
    (4, 4, 3),
    (4, 5, 4),
    (4, 6, 5),
    (4, 7, 4),
    (4, 8, 3),
    (4, 9, 4),
    (4, 10, 5),
    (5, 1, 4),
    (5, 2, 5),
    (5, 3, 3),
    (5, 4, 4),
    (5, 5, 5),
    (5, 6, 2),
    (5, 7, 4),
    (5, 8, 5),
    (5, 9, 3),
    (5, 10, 4),
    (6, 1, 5),
    (6, 2, 4),
    (6, 3, 5),
    (6, 4, 3),
    (6, 5, 4),
    (6, 6, 5),
    (6, 7, 2),
    (6, 8, 4),
    (6, 9, 5),
    (6, 10, 3),
    (7, 1, 4),
    (7, 2, 5),
    (7, 3, 3),
    (7, 4, 2),
    (7, 5, 5),
    (7, 6, 3),
    (7, 7, 4),
    (7, 8, 5),
    (7, 9, 3),
    (7, 10, 4),
    (8, 1, 5),
    (8, 2, 4),
    (8, 3, 5),
    (8, 4, 3),
    (8, 5, 4),
    (8, 6, 5),
    (8, 7, 2),
    (8, 8, 4),
    (8, 9, 5),
    (8, 10, 3),
    (9, 1, 4),
    (9, 2, 5),
    (9, 3, 3),
    (9, 4, 4),
    (9, 5, 5),
    (9, 6, 2),
    (9, 7, 4),
    (9, 8, 5),
    (9, 9, 3),
    (9, 10, 4),
    (10, 1, 5),
    (10, 2, 4),
    (10, 3, 5),
    (10, 4, 3),
    (10, 5, 4),
    (10, 6, 5),
    (10, 7, 2),
    (10, 8, 4),
    (10, 9, 5),
    (10, 10, 3);

INSERT INTO coffee_shops_coffee_types (shop_id, coffee_type, size)
VALUES
    (1, 'Espresso', 'S'),
    (2, 'Espresso', 'S'),
    (3, 'Espresso', 'S'),
    (4, 'Espresso', 'S'),
    (5, 'Espresso', 'S'),
    (6, 'Espresso', 'S'),
    (7, 'Espresso', 'S'),
    (8, 'Espresso', 'S'),
    (9, 'Espresso', 'S'),
    (10, 'Espresso', 'S'),
    (1, 'Espresso', 'M'),
    (2, 'Espresso', 'M'),
    (3, 'Espresso', 'M'),
    (4, 'Espresso', 'M'),
    (5, 'Espresso', 'M'),
    (6, 'Espresso', 'M'),
    (7, 'Espresso', 'M'),
    (8, 'Espresso', 'M'),
    (9, 'Espresso', 'M'),
    (10, 'Espresso', 'M'),
    (1, 'Espresso', 'L'),
    (2, 'Espresso', 'L'),
    (3, 'Espresso', 'L'),
    (4, 'Espresso', 'L'),
    (5, 'Espresso', 'L'),
    (6, 'Espresso', 'L'),
    (7, 'Espresso', 'L'),
    (8, 'Espresso', 'L'),
    (9, 'Espresso', 'L'),
    (10, 'Espresso', 'L'),
    (1, 'Americano', 'S'),
    (2, 'Americano', 'S'),
    (3, 'Americano', 'S'),
    (4, 'Americano', 'S'),
    (5, 'Americano', 'S'),
    (6, 'Americano', 'S'),
    (7, 'Americano', 'S'),
    (8, 'Americano', 'S'),
    (9, 'Americano', 'S'),
    (10, 'Americano', 'S'),
    (1, 'Americano', 'M'),
    (2, 'Americano', 'M'),
    (3, 'Americano', 'M'),
    (4, 'Americano', 'M'),
    (5, 'Americano', 'M'),
    (6, 'Americano', 'M'),
    (7, 'Americano', 'M'),
    (8, 'Americano', 'M'),
    (9, 'Americano', 'M'),
    (10, 'Americano', 'M'),
    (1, 'Americano', 'L'),
    (2, 'Americano', 'L'),
    (3, 'Americano', 'L'),
    (4, 'Americano', 'L'),
    (5, 'Americano', 'L'),
    (6, 'Americano', 'L'),
    (7, 'Americano', 'L'),
    (8, 'Americano', 'L'),
    (9, 'Americano', 'L'),
    (10, 'Americano', 'L'),
    (1, 'Latte', 'S'),
    (2, 'Latte', 'S'),
    (3, 'Latte', 'S'),
    (4, 'Latte', 'S'),
    (5, 'Latte', 'S'),
    (6, 'Latte', 'S'),
    (7, 'Latte', 'S'),
    (8, 'Latte', 'S'),
    (9, 'Latte', 'S'),
    (10, 'Latte', 'S'),
    (1, 'Latte', 'M'),
    (2, 'Latte', 'M'),
    (3, 'Latte', 'M'),
    (4, 'Latte', 'M'),
    (5, 'Latte', 'M'),
    (6, 'Latte', 'M'),
    (7, 'Latte', 'M'),
    (8, 'Latte', 'M'),
    (9, 'Latte', 'M'),
    (10, 'Latte', 'M'),
    (1, 'Latte', 'L'),
    (2, 'Latte', 'L'),
    (3, 'Latte', 'L'),
    (4, 'Latte', 'L'),
    (5, 'Latte', 'L'),
    (6, 'Latte', 'L'),
    (7, 'Latte', 'L'),
    (8, 'Latte', 'L'),
    (9, 'Latte', 'L'),
    (10, 'Latte', 'L'),
    (1, 'Cappuccino', 'S'),
    (2, 'Cappuccino', 'S'),
    (3, 'Cappuccino', 'S'),
    (4, 'Cappuccino', 'S'),
    (5, 'Cappuccino', 'S'),
    (6, 'Cappuccino', 'S'),
    (7, 'Cappuccino', 'S'),
    (8, 'Cappuccino', 'S'),
    (9, 'Cappuccino', 'S'),
    (10, 'Cappuccino', 'S'),
    (1, 'Cappuccino', 'M'),
    (2, 'Cappuccino', 'M'),
    (3, 'Cappuccino', 'M'),
    (4, 'Cappuccino', 'M'),
    (5, 'Cappuccino', 'M'),
    (6, 'Cappuccino', 'M'),
    (7, 'Cappuccino', 'M'),
    (8, 'Cappuccino', 'M'),
    (9, 'Cappuccino', 'M'),
    (10, 'Cappuccino', 'M'),
    (1, 'Cappuccino', 'L'),
    (2, 'Cappuccino', 'L'),
    (3, 'Cappuccino', 'L'),
    (4, 'Cappuccino', 'L'),
    (5, 'Cappuccino', 'L'),
    (6, 'Cappuccino', 'L'),
    (7, 'Cappuccino', 'L'),
    (8, 'Cappuccino', 'L'),
    (9, 'Cappuccino', 'L'),
    (10, 'Cappuccino', 'L'),
    (1, 'Macchiato', 'S'),
    (2, 'Macchiato', 'S'),
    (3, 'Macchiato', 'S'),
    (4, 'Macchiato', 'S'),
    (5, 'Macchiato', 'S'),
    (6, 'Macchiato', 'S'),
    (7, 'Macchiato', 'S'),
    (8, 'Macchiato', 'S'),
    (9, 'Macchiato', 'S'),
    (10, 'Macchiato', 'S'),
    (1, 'Macchiato', 'M'),
    (2, 'Macchiato', 'M'),
    (3, 'Macchiato', 'M'),
    (4, 'Macchiato', 'M'),
    (5, 'Macchiato', 'M'),
    (6, 'Macchiato', 'M'),
    (7, 'Macchiato', 'M'),
    (8, 'Macchiato', 'M'),
    (9, 'Macchiato', 'M'),
    (10, 'Macchiato', 'M'),
    (1, 'Macchiato', 'L'),
    (2, 'Macchiato', 'L'),
    (3, 'Macchiato', 'L'),
    (4, 'Macchiato', 'L'),
    (5, 'Macchiato', 'L'),
    (6, 'Macchiato', 'L'),
    (7, 'Macchiato', 'L'),
    (8, 'Macchiato', 'L'),
    (9, 'Macchiato', 'L'),
    (10, 'Macchiato', 'L'),
    (1, 'Mocha', 'S'),
    (2, 'Mocha', 'S'),
    (3, 'Mocha', 'S'),
    (4, 'Mocha', 'S'),
    (5, 'Mocha', 'S'),
    (6, 'Mocha', 'S'),
    (7, 'Mocha', 'S'),
    (8, 'Mocha', 'S'),
    (9, 'Mocha', 'S'),
    (10, 'Mocha', 'S'),
    (1, 'Mocha', 'M'),
    (2, 'Mocha', 'M'),
    (3, 'Mocha', 'M'),
    (4, 'Mocha', 'M'),
    (5, 'Mocha', 'M'),
    (6, 'Mocha', 'M'),
    (7, 'Mocha', 'M'),
    (8, 'Mocha', 'M'),
    (9, 'Mocha', 'M'),
    (10, 'Mocha', 'M'),
    (1, 'Mocha', 'L'),
    (2, 'Mocha', 'L'),
    (3, 'Mocha', 'L'),
    (4, 'Mocha', 'L'),
    (5, 'Mocha', 'L'),
    (6, 'Mocha', 'L'),
    (7, 'Mocha', 'L'),
    (8, 'Mocha', 'L'),
    (9, 'Mocha', 'L'),
    (10, 'Mocha', 'L'),
    (1, 'Flat White', 'S'),
    (2, 'Flat White', 'S'),
    (3, 'Flat White', 'S'),
    (4, 'Flat White', 'S'),
    (5, 'Flat White', 'S'),
    (6, 'Flat White', 'S'),
    (7, 'Flat White', 'S'),
    (8, 'Flat White', 'S'),
    (9, 'Flat White', 'S'),
    (10, 'Flat White', 'S'),
    (1, 'Flat White', 'M'),
    (2, 'Flat White', 'M'),
    (3, 'Flat White', 'M'),
    (4, 'Flat White', 'M'),
    (5, 'Flat White', 'M'),
    (6, 'Flat White', 'M'),
    (7, 'Flat White', 'M'),
    (8, 'Flat White', 'M'),
    (9, 'Flat White', 'M'),
    (10, 'Flat White', 'M'),
    (1, 'Flat White', 'L'),
    (2, 'Flat White', 'L'),
    (3, 'Flat White', 'L'),
    (4, 'Flat White', 'L'),
    (5, 'Flat White', 'L'),
    (6, 'Flat White', 'L'),
    (7, 'Flat White', 'L'),
    (8, 'Flat White', 'L'),
    (9, 'Flat White', 'L'),
    (10, 'Flat White', 'L'),
    (1, 'Filterkaffee', 'S'),
    (2, 'Filterkaffee', 'S'),
    (3, 'Filterkaffee', 'S'),
    (4, 'Filterkaffee', 'S'),
    (5, 'Filterkaffee', 'S'),
    (6, 'Filterkaffee', 'S'),
    (7, 'Filterkaffee', 'S'),
    (8, 'Filterkaffee', 'S'),
    (9, 'Filterkaffee', 'S'),
    (10, 'Filterkaffee', 'S'),
    (1, 'Filterkaffee', 'M'),
    (2, 'Filterkaffee', 'M'),
    (3, 'Filterkaffee', 'M'),
    (4, 'Filterkaffee', 'M'),
    (5, 'Filterkaffee', 'M'),
    (6, 'Filterkaffee', 'M'),
    (7, 'Filterkaffee', 'M'),
    (8, 'Filterkaffee', 'M'),
    (9, 'Filterkaffee', 'M'),
    (10, 'Filterkaffee', 'M'),
    (1, 'Filterkaffee', 'L'),
    (2, 'Filterkaffee', 'L'),
    (3, 'Filterkaffee', 'L'),
    (4, 'Filterkaffee', 'L'),
    (5, 'Filterkaffee', 'L'),
    (6, 'Filterkaffee', 'L'),
    (7, 'Filterkaffee', 'L'),
    (8, 'Filterkaffee', 'L'),
    (9, 'Filterkaffee', 'L'),
    (10, 'Filterkaffee', 'L'),
    (1, 'Frappé', 'S'),
    (2, 'Frappé', 'S'),
    (3, 'Frappé', 'S'),
    (4, 'Frappé', 'S'),
    (5, 'Frappé', 'S'),
    (6, 'Frappé', 'S'),
    (7, 'Frappé', 'S'),
    (8, 'Frappé', 'S'),
    (9, 'Frappé', 'S'),
    (10, 'Frappé', 'S'),
    (1, 'Frappé', 'M'),
    (2, 'Frappé', 'M'),
    (3, 'Frappé', 'M'),
    (4, 'Frappé', 'M'),
    (5, 'Frappé', 'M'),
    (6, 'Frappé', 'M'),
    (7, 'Frappé', 'M'),
    (8, 'Frappé', 'M'),
    (9, 'Frappé', 'M'),
    (10, 'Frappé', 'M'),
    (1, 'Frappé', 'L'),
    (2, 'Frappé', 'L'),
    (3, 'Frappé', 'L'),
    (4, 'Frappé', 'L'),
    (5, 'Frappé', 'L'),
    (6, 'Frappé', 'L'),
    (7, 'Frappé', 'L'),
    (8, 'Frappé', 'L'),
    (9, 'Frappé', 'L'),
    (10, 'Frappé', 'L'),
    (1, 'Affogato', 'S'),
    (2, 'Affogato', 'S'),
    (3, 'Affogato', 'S'),
    (4, 'Affogato', 'S'),
    (5, 'Affogato', 'S'),
    (6, 'Affogato', 'S'),
    (7, 'Affogato', 'S'),
    (8, 'Affogato', 'S'),
    (9, 'Affogato', 'S'),
    (10, 'Affogato', 'S'),
    (1, 'Affogato', 'M'),
    (2, 'Affogato', 'M'),
    (3, 'Affogato', 'M'),
    (4, 'Affogato', 'M'),
    (5, 'Affogato', 'M'),
    (6, 'Affogato', 'M'),
    (7, 'Affogato', 'M'),
    (8, 'Affogato', 'M'),
    (9, 'Affogato', 'M'),
    (10, 'Affogato', 'M'),
    (1, 'Affogato', 'L'),
    (2, 'Affogato', 'L'),
    (3, 'Affogato', 'L'),
    (4, 'Affogato', 'L'),
    (5, 'Affogato', 'L'),
    (6, 'Affogato', 'L'),
    (7, 'Affogato', 'L'),
    (8, 'Affogato', 'L'),
    (9, 'Affogato', 'L'),
    (10, 'Affogato', 'L');
